participant_id,created_at,ip_address,device_type
fe4a79bb-642e-49d8-920a-a5f39035ffe3,2025-11-20 16:22:11.281835+00,"84.17.45.206,84.17.45.206, 99.82.172.145",desktop
228fff26-6609-4d09-a10b-94449cfcc4a2,2025-11-20 16:22:10.68133+00,"84.17.45.206,84.17.45.206, 99.82.172.144",desktop
5b24e045-facc-4697-998c-3a72d57a42e6,2025-11-20 16:22:10.134939+00,"84.17.45.206,84.17.45.206, 99.82.172.144",desktop
ddebd93e-0d14-4d91-b2af-3e9647c3d695,2025-11-20 16:22:10.134909+00,"84.17.45.206,84.17.45.206, 99.82.172.144",desktop
151939c4-8aae-490b-92eb-c7d353a4a95c,2025-11-18 18:15:57.927115+00,"193.197.8.143,193.197.8.143, 99.82.163.77",desktop
5c4cab45-aeba-4c55-a4c4-6b227b569474,2025-11-17 17:11:04.390536+00,"104.28.45.21,104.28.45.21, 99.83.99.144",mobile
2bc7c0dd-423b-4c5c-bbff-fd89aa61ae8a,2025-11-16 19:56:03.579659+00,"59.103.194.47,59.103.194.47, 13.248.127.234",desktop
e2f70344-8588-468c-9dc2-8c2993f5b6c9,2025-11-15 23:28:20.372283+00,"178.84.99.93,178.84.99.93, 3.2.59.182",desktop
82e40cf7-aadd-46a9-a1b5-f68aed30f6af,2025-11-15 06:38:39.702331+00,"76.33.233.173,76.33.233.173, 13.248.99.203",desktop
eb24ad41-1a6b-4379-98dd-635e6984d01a,2025-11-15 06:38:39.38568+00,"76.33.233.173,76.33.233.173, 13.248.99.202",desktop
233c60f2-995c-4779-970d-dbbbd7c1da52,2025-11-14 23:12:15.942035+00,"139.47.142.89,139.47.142.89, 99.82.162.148",desktop
88584cfe-a550-4209-a1f3-be628bb2647b,2025-11-13 16:29:27.470605+00,"89.92.129.28,89.92.129.28, 99.82.161.171",desktop
25e47297-047a-4582-bc17-c13f5b2ef07b,2025-11-13 12:54:47.011689+00,"153.92.90.3,153.92.90.3, 99.82.163.72",mobile
c3eae9f9-bfe6-40bf-ac51-9ca37cac8404,2025-11-13 12:54:46.51822+00,"153.92.90.3,153.92.90.3, 99.82.163.73",mobile
89920fc3-b113-44bf-9566-7f27c369c1e0,2025-11-13 10:33:51.767546+00,"195.176.44.46,195.176.44.46, 13.248.118.52",desktop
f668df6c-a949-40d0-8ff9-840a65e676a2,2025-11-12 20:49:29.638957+00,"98.149.38.217,98.149.38.217, 13.248.99.206",desktop
4759bd0e-1623-44a2-882f-de07fc28e998,2025-11-12 20:49:28.852933+00,"98.149.38.217,98.149.38.217, 13.248.99.206",desktop
76ca052a-413b-426f-bf8e-5bc80d00c05a,2025-11-12 20:12:28.333048+00,"194.34.235.182,194.34.235.182, 13.248.121.48",desktop
eb2efe5b-53d6-4751-9ba5-2004d1234e28,2025-11-12 15:35:24.419725+00,"86.47.104.44,86.47.104.44, 13.248.121.49",desktop
a2f337f1-7cd4-4cab-9cbc-1b360cc6aed2,2025-11-12 02:10:21.781374+00,"67.168.95.122,67.168.95.122, 99.82.171.148",desktop
b5a7af15-f889-4b20-b58c-192fe764f0b6,2025-11-11 18:48:54.925939+00,"195.176.44.38,195.176.44.38, 13.248.118.51",mobile
b156ec46-176c-4949-b3d7-5ee609c7d732,2025-11-11 18:48:54.889664+00,"195.176.44.38,195.176.44.38, 13.248.118.51",mobile
d7c7e6ac-408e-462d-8c9a-5f27b58b5aa8,2025-11-11 15:58:57.397824+00,"185.142.225.55,185.142.225.55, 3.2.59.178",desktop
0ba4f0a8-673f-4054-80e0-690aaf497b51,2025-11-11 03:07:34.428018+00,"66.49.211.29,66.49.211.29, 99.82.167.212",desktop
548569b2-6aeb-4403-9dfe-4b84cd9cbf25,2025-11-10 22:29:21.083178+00,"45.112.71.189,45.112.71.189, 13.248.105.42",desktop
b1215362-ebe0-4d15-b54b-5b79916c04f7,2025-11-10 21:28:35.257209+00,"129.79.197.174,129.79.197.174, 99.83.101.232",desktop
e483224e-1a8b-49ed-8bd7-42e5478ff6b0,2025-11-10 16:22:36.791148+00,"132.195.25.102,132.195.25.102, 3.2.59.176",desktop
9e7360ab-bdd9-40a7-a7f1-83fa542060b0,2025-11-10 15:25:24.645819+00,"24.63.185.178,24.63.185.178, 13.248.108.72",desktop
1b76fc54-4a3b-44d3-a5b2-4211bebdb5d2,2025-11-10 13:54:37.38494+00,"153.92.90.3,153.92.90.3, 99.82.163.76",mobile
cf24f5de-56a1-4c39-8bf4-50d951876375,2025-11-10 07:11:26.607464+00,"213.164.83.154,213.164.83.154, 99.83.99.149",mobile
58d11a60-86e2-4e4e-9014-55038b046d82,2025-11-10 07:11:25.091541+00,"213.164.83.154,213.164.83.154, 99.83.99.147",mobile
ca9b0948-8403-4218-8775-d36126f6cb02,2025-11-09 13:32:54.120393+00,"95.223.57.107,95.223.57.107, 99.83.99.146",mobile
2c298a5e-7070-4fd7-a6fe-ff3907029e8c,2025-11-09 12:15:40.613159+00,"95.117.75.236,95.117.75.236, 99.83.99.150",mobile
21121fd2-00ef-4b2a-974f-823f26f3f7fd,2025-11-08 13:18:51.160757+00,"172.226.108.45,172.226.108.45, 99.83.99.147",mobile
090b95b5-f52a-4e45-8665-1cc819388638,2025-11-07 15:01:44.14045+00,"193.197.8.143,193.197.8.143, 99.82.163.76",mobile
251285af-e104-4913-a97c-2feccb1d0596,2025-11-07 14:07:38.640863+00,"153.92.90.3,153.92.90.3, 99.83.99.149",mobile
dae39537-13a5-45a3-ae49-4dbd155f0de2,2025-11-07 13:52:14.438179+00,"153.92.90.3,153.92.90.3, 99.83.99.144",mobile
47ead152-a4ca-406f-b621-4baca17ac0b0,2025-11-07 13:51:55.988645+00,"193.197.8.143,193.197.8.143, 99.82.163.72",mobile
05d6363b-4f7a-47b5-a91e-8f9a45d3bf07,2025-11-07 13:21:12.168131+00,"176.3.134.2,176.3.134.2, 99.83.99.150",mobile
157bcbd1-0270-41ee-af9a-4211ed21ea7c,2025-11-07 13:07:49.831478+00,"193.197.8.143,193.197.8.143, 99.83.99.149",mobile
95a96e83-18a8-47ad-919e-faee2ccf6d1d,2025-11-07 13:05:17.112474+00,"193.197.8.143,193.197.8.143, 99.82.163.77",mobile
5c17f0a4-d54b-47df-9943-0da0831ba301,2025-11-07 12:39:29.728024+00,"153.92.90.3,153.92.90.3, 99.83.99.146",mobile
6f700b4f-b9d7-4032-8640-9a82e1fe94c6,2025-11-07 12:38:37.912057+00,"153.92.90.3,153.92.90.3, 99.83.99.145",mobile
268af656-57ff-46fc-9fd5-9c44efacfafc,2025-11-07 12:38:37.831042+00,"153.92.90.3,153.92.90.3, 99.82.163.74",mobile
0a4d4062-b718-43a8-a9be-95af5db59952,2025-11-07 12:37:32.571624+00,"176.3.185.176,176.3.185.176, 99.83.99.150",mobile
9564f18a-c8b4-4a93-aca4-c46a4331ad97,2025-11-07 08:20:08.840986+00,"176.3.131.67,176.3.131.67, 99.83.99.147",mobile
f03ee1f3-0e83-42da-8630-7fe8c907f131,2025-11-06 18:23:36.225366+00,"153.92.93.227,153.92.93.227, 99.83.99.145",mobile
b4dc7adf-e8db-4728-b4e3-9581f9be6651,2025-11-06 15:59:46.513066+00,"153.92.90.3,153.92.90.3, 99.82.163.73",desktop
6d4408b6-a0c7-43ad-a4bd-d8c025cc2eb4,2025-11-06 15:59:46.331931+00,"153.92.90.3,153.92.90.3, 99.82.163.76",desktop
362abfda-95f5-4779-ae87-183a8cb959cd,2025-11-04 23:30:58.276223+00,"61.8.153.177,61.8.153.177, 99.83.99.144",mobile
18b17697-3a40-4604-ba57-75c836a01401,2025-11-04 17:30:52.479851+00,"141.70.80.34,141.70.80.34, 99.82.163.73",mobile
bfa88b12-3ef7-44b4-b63a-edfae1b18d71,2025-11-04 16:19:22.431414+00,"153.92.90.3,153.92.90.3, 99.82.163.75",mobile
25b4d886-f5c7-461e-864f-52ea2e3c01b7,2025-11-04 16:13:16.812813+00,"153.92.90.3,153.92.90.3, 99.83.99.149",mobile
bda59032-71ac-447d-b2b9-cbb7a04a8578,2025-11-04 16:13:16.463759+00,"153.92.90.3,153.92.90.3, 99.83.99.145",mobile
41b5ccce-4293-41cf-83ac-3b230f120387,2025-11-04 16:13:16.463759+00,"153.92.90.3,153.92.90.3, 99.83.99.147",mobile
a9296a7a-3f7f-41be-91ff-55413afa61af,2025-11-03 21:38:31.912051+00,"46.5.139.147,46.5.139.147, 99.83.99.150",mobile
82e0e056-046e-4b81-ad6d-984415246413,2025-11-03 21:21:16.352607+00,"153.92.93.227,153.92.93.227, 99.83.99.144",mobile
bf56d3db-8489-45ed-9e06-f24f499e0bc8,2025-11-03 21:11:05.148049+00,"176.3.134.129,176.3.134.129, 99.82.163.74",mobile
1cde5bc6-87ef-4a39-87da-3e93c51cfffa,2025-11-03 20:46:24.659219+00,"138.246.3.137,138.246.3.137, 3.2.59.206",desktop
a7128b4a-e209-487c-844d-c485ecac85ec,2025-11-03 20:37:03.464571+00,"80.187.66.61,80.187.66.61, 99.83.99.150",mobile
39242b82-e5a6-4902-89ac-5f0d91637744,2025-11-03 20:36:42.227086+00,"104.28.45.21,104.28.45.21, 99.82.163.73",mobile
b9fede00-231a-4c78-8324-6691b1533caf,2025-11-03 20:36:26.007858+00,"193.151.5.183,193.151.5.183, 99.82.163.74",mobile
a543481c-04cb-4b98-a616-eaf896f1df99,2025-11-03 18:23:46.969076+00,"77.187.3.123,77.187.3.123, 99.83.99.144",mobile
cb9660a8-d526-4241-8700-235ce3e07153,2025-11-03 17:54:47.772827+00,"153.92.90.3,153.92.90.3, 99.82.163.72",mobile
72a67450-2f24-4b85-8d92-cc885424dae2,2025-11-03 17:54:47.410538+00,"153.92.90.3,153.92.90.3, 99.82.163.74",mobile
c464356d-e28f-4bdc-8575-06bc019c3970,2025-11-03 16:14:26.694431+00,"91.52.97.130,91.52.97.130, 13.248.96.53",desktop
386be8d7-6771-4885-8745-e30399b113d0,2025-11-03 16:14:26.404782+00,"91.52.97.130,91.52.97.130, 13.248.96.52",desktop
65b3eb27-49b3-4605-b774-276b013b86af,2025-11-02 19:17:45.84511+00,"149.172.40.59,149.172.40.59, 99.83.99.146",mobile
a5192e43-ba28-42e5-84ef-bae523f81e89,2025-10-31 16:14:21.427765+00,"193.197.8.143,193.197.8.143, 99.83.99.149",mobile
93f5f60a-cfa4-474d-b6e2-c6b860392ea2,2025-10-31 14:47:49.829973+00,"153.92.90.3,153.92.90.3, 99.82.163.75",mobile
e9a313e1-1c7e-4546-9f45-cb2354489190,2025-10-31 14:25:09.481965+00,"193.197.8.143,193.197.8.143, 99.83.99.145",mobile
3edf2d2c-7afd-411a-a653-628030aead87,2025-10-31 14:23:52.729287+00,"91.151.25.132,91.151.25.132, 99.83.99.144",mobile
a65764e7-9c2f-4219-aa12-fd54da7bf875,2025-10-31 14:15:49.844865+00,"193.197.8.143,193.197.8.143, 99.83.99.147",desktop
bafb569b-eae9-44a8-9224-96758e50bfcb,2025-10-31 13:59:11.914105+00,"153.92.90.3,153.92.90.3, 99.83.99.150",mobile
145a5e3a-5d68-4457-9cc1-eaffd6662734,2025-10-31 13:59:11.914093+00,"153.92.90.3,153.92.90.3, 99.83.99.149",mobile
ed369c19-f227-4e1d-be1c-c799f836ca4c,2025-10-31 12:39:35.275217+00,"189.165.46.169,189.165.46.169, 13.248.124.49",mobile
de565c32-62e7-4659-92f7-bfd80fc0a61c,2025-10-31 12:39:35.167089+00,"189.165.46.169,189.165.46.169, 13.248.124.48",mobile
248c1f6f-3b38-4411-a85c-8040a5a74f4d,2025-10-30 23:04:03.387104+00,"84.140.196.247,84.140.196.247, 99.83.99.150",mobile
6e109541-c2ae-46ea-827a-edf44d67660e,2025-10-30 20:48:17.751228+00,"93.229.161.11,93.229.161.11, 99.83.99.147",desktop
ca0c9bac-e5be-4d79-af83-2c5358af9657,2025-10-30 20:07:35.111009+00,"80.187.64.219,80.187.64.219, 99.82.163.77",mobile
7c97b093-6863-483c-9055-3ac4f6301dcb,2025-10-30 19:23:48.704294+00,"193.197.8.143,193.197.8.143, 99.82.163.74",mobile
5f62d87d-4912-454b-94d1-309c26c16b08,2025-10-30 19:20:38.63331+00,"153.92.90.3,153.92.90.3, 99.82.163.75",mobile
a9ea56d9-8f16-4706-8730-7759a9ae43ff,2025-10-30 17:58:37.736009+00,"94.44.104.250,94.44.104.250, 13.248.122.17",mobile
2e57cbae-52c2-4868-9fa5-4ae113985fe3,2025-10-30 17:44:14.918831+00,"153.92.90.3,153.92.90.3, 99.82.163.77",mobile
8a704f7e-d8ff-41c4-9b3e-59fcd5f499cc,2025-10-30 16:34:00.5817+00,"176.3.185.137,176.3.185.137, 99.82.163.74",desktop
e3906f27-0d64-4695-b478-d07d9f9944e2,2025-10-30 16:23:19.701366+00,"176.3.185.137,176.3.185.137, 99.82.163.73",desktop
75e07fd6-eb06-41af-aae5-dd81867b81b3,2025-10-30 11:16:25.640911+00,"93.240.108.147,93.240.108.147, 99.83.99.150",mobile
3cc338ac-9a83-46fa-8684-2fbd17400f1c,2025-10-30 10:51:26.038476+00,"176.3.136.114,176.3.136.114, 99.83.99.150",mobile
a8f22ab5-bd0e-472f-90c5-41fa471dd084,2025-10-30 10:51:25.443618+00,"176.3.136.114,176.3.136.114, 99.83.99.147",mobile
0e8e279b-2364-4850-9f67-b682817f8378,2025-10-29 20:56:36.998156+00,"141.70.80.34,141.70.80.34, 99.83.99.147",desktop
a1620807-bae9-47c1-805f-92547f5764aa,2025-10-29 15:35:34.304277+00,"176.3.134.35,176.3.134.35, 99.83.99.144",mobile
a717cf8d-04fb-4d2e-9005-e3829b9705e3,2025-10-29 12:05:51.367265+00,"37.162.205.218,37.162.205.218, 99.82.163.172",mobile
5b4859df-ce8a-4d6c-976c-17e015c0ab03,2025-10-29 09:55:42.385836+00,"194.230.145.144,194.230.145.144, 13.248.118.54",mobile
8f4c485a-b7af-4a2e-b44c-83007bd7020c,2025-10-29 09:55:42.213393+00,"62.18.212.180,62.18.212.180, 99.82.163.148",mobile
bc232730-8987-499f-ac01-65a3d46a68d4,2025-10-29 09:55:39.659429+00,"195.176.44.38,195.176.44.38, 13.248.118.78",mobile
502e684c-3ff9-41df-9de4-7a28ffcfc049,2025-10-29 09:55:37.113266+00,"93.33.88.52,93.33.88.52, 99.82.163.170",mobile
1940263c-44df-4d4e-99cc-30f9f694a859,2025-10-29 09:52:19.056782+00,"104.28.42.100,104.28.42.100, 99.82.163.168",mobile
14ff50af-72a9-4095-a217-88246441fe94,2025-10-29 09:50:38.874366+00,"195.176.44.38,195.176.44.38, 13.248.118.50",mobile
a8b5e575-2472-47c3-8623-fe5ad381b39c,2025-10-29 09:50:28.551186+00,"194.230.145.79,194.230.145.79, 13.248.118.50",mobile
8fa47522-bb1b-49c2-989b-d90581264c2e,2025-10-29 09:50:23.074992+00,"194.230.145.180,194.230.145.180, 13.248.118.74",mobile
ad44d655-aa86-4cc8-a5ff-6e1687093ee0,2025-10-29 09:50:15.923617+00,"172.225.26.28,172.225.26.28, 99.82.163.146",mobile
4e51268f-ba0f-459a-a8c3-75a70cebbbeb,2025-10-29 09:50:12.688895+00,"104.28.42.100,104.28.42.100, 99.83.99.145",mobile
73e786ac-20b4-49e0-a1d3-51feabb722b2,2025-10-29 09:50:08.686795+00,"93.38.199.102,93.38.199.102, 99.82.163.171",mobile
d41a0eb8-b8c5-4c22-84a8-69d22bb0ac72,2025-10-29 09:49:12.320012+00,"178.197.210.52,178.197.210.52, 13.248.118.72",mobile
7fe72bbb-d2dd-4219-ae38-69f054177820,2025-10-29 09:49:04.190683+00,"195.176.44.39,195.176.44.39, 13.248.118.73",mobile
ea987d54-81ba-423f-b0d1-7b2faaad0424,2025-10-29 09:48:17.167929+00,"195.176.44.38,195.176.44.38, 13.248.118.52",mobile
292cc3df-067b-4670-98da-afbf0b9839f6,2025-10-29 09:48:15.67418+00,"195.176.44.39,195.176.44.39, 13.248.118.77",mobile
30e84798-9cc1-4e87-8e43-7b4d86fcac4a,2025-10-29 09:48:15.519783+00,"195.176.44.38,195.176.44.38, 13.248.118.52",mobile
29096e03-445a-408f-a890-c710d956aea9,2025-10-29 09:48:12.118402+00,"195.176.44.38,195.176.44.38, 13.248.118.54",mobile
d5a2abb7-c4b8-47ce-8441-5627e97d79e1,2025-10-29 09:48:11.680237+00,"195.176.44.38,195.176.44.38, 13.248.118.48",mobile
922bc86b-cd31-4f8c-8888-2478c91fbeeb,2025-10-28 23:02:28.983693+00,"141.70.80.34,141.70.80.34, 99.82.163.75",desktop
23f5a761-badc-4264-844b-aaa550c42188,2025-10-28 22:57:02.241949+00,"141.70.80.34,141.70.80.34, 99.82.163.75",mobile
1aabd466-713f-4e53-a418-fca10e911cdb,2025-10-28 22:57:02.123697+00,"141.70.80.34,141.70.80.34, 99.82.163.74",mobile
97de8858-4dd2-4fcd-890e-4b7b02cefbab,2025-10-28 22:56:49.433619+00,"141.70.80.34,141.70.80.34, 99.82.163.75",mobile
9c69dd0d-f2f9-4746-b55e-bf7cfb309186,2025-10-28 22:56:21.572661+00,"141.70.80.34,141.70.80.34, 99.82.163.75",mobile
79c662b8-33d2-43dc-80e4-78f7299c85e2,2025-10-28 22:56:21.09686+00,"141.70.80.34,141.70.80.34, 99.82.163.75",mobile
1a722483-af52-46cb-a90c-8a454ebe3d35,2025-10-28 19:27:13.554458+00,"138.246.3.198,138.246.3.198, 3.2.59.182",mobile
90f6a44d-c4be-4ff0-82b9-58d4e72686b5,2025-10-28 19:27:13.179728+00,"138.246.3.198,138.246.3.198, 3.2.59.179",mobile
c34ffeea-c79d-46ab-b346-5ea416be6671,2025-10-28 19:27:13.051183+00,"138.246.3.198,138.246.3.198, 99.83.99.145",mobile
e755ba77-40fc-4737-b6f4-077633acb963,2025-10-28 18:36:48.049287+00,"46.128.10.253,46.128.10.253, 13.248.96.75",mobile
416d5225-0175-4c9d-964c-2998e2d7acb1,2025-10-28 17:58:53.751063+00,"153.92.90.3,153.92.90.3, 99.82.163.72",desktop
10416fe6-c85a-4405-b511-85be904a68e4,2025-10-28 17:54:23.163402+00,"153.92.93.227,153.92.93.227, 99.82.163.78",desktop
694556f8-7479-44c8-a716-0fcfe7cee81b,2025-10-28 17:41:55.29177+00,"153.92.93.227,153.92.93.227, 99.82.163.72",desktop
edd19375-e20d-4beb-8093-f169ca485878,2025-10-28 17:22:37.019904+00,"153.92.93.227,153.92.93.227, 99.83.99.146",desktop
9de9a8cf-473a-4d83-9560-9127a21b5d49,2025-10-28 16:44:06.155427+00,"193.197.8.143,193.197.8.143, 99.83.99.149",mobile
bb586bd7-5cd5-421d-a772-8a096e0800e7,2025-10-28 16:01:36.581592+00,"153.92.93.227,153.92.93.227, 99.82.163.76",mobile
db0f13bf-5f52-46fc-a6e4-9aa88bd1addf,2025-10-28 15:03:57.015054+00,"153.92.90.3,153.92.90.3, 99.83.99.147",mobile
9c7b3c49-1422-474e-a77d-11f8ddb408e2,2025-10-27 21:36:32.129193+00,"94.79.169.221,94.79.169.221, 99.83.99.144",mobile
216026c8-02a4-4057-a040-bd3d272dbe43,2025-10-27 17:45:11.512486+00,"193.148.48.168,193.148.48.168, 3.2.48.147",mobile
337cc878-f0b7-4807-9005-08dcc0228a6a,2025-10-27 17:45:11.508466+00,"193.148.48.168,193.148.48.168, 3.2.48.146",mobile
193a0563-b869-4bbe-aa9e-d81bacf59a3e,2025-10-27 16:18:09.079392+00,"93.213.29.8,93.213.29.8, 99.83.99.145",mobile
41c0b6d2-f05f-4378-90a6-45c6fff68e44,2025-10-27 16:05:48.833932+00,"153.92.93.227,153.92.93.227, 99.83.99.146",mobile
25040da2-2cce-4925-9fbd-855669f4cb23,2025-10-27 15:44:02.433499+00,"37.209.88.114,37.209.88.114, 99.83.99.146",mobile
328a652b-9ad2-4b70-ad1a-49a8f1fcc02d,2025-10-27 14:37:00.496517+00,"153.92.90.3,153.92.90.3, 99.82.163.78",desktop
5210feaa-5c2a-4444-b912-dc52d88c72c5,2025-10-27 13:07:00.758272+00,"153.92.93.227,153.92.93.227, 99.82.163.72",desktop
b7a9b5f0-50fe-47ea-ac8a-f6ef1df7ba72,2025-10-27 12:43:07.085395+00,"80.187.64.2,80.187.64.2, 99.82.163.76",mobile
b43e4bd1-d8cb-4284-9079-1ff9f84146b4,2025-10-27 12:30:11.36189+00,"176.3.183.1,176.3.183.1, 99.82.163.76",mobile
faab30af-69f5-4422-bab2-0387d01d8765,2025-10-27 11:46:26.185384+00,"153.92.90.3,153.92.90.3, 99.82.163.74",mobile
5ce7762a-639c-456b-9482-8f3d2c2094f9,2025-10-27 11:24:20.567685+00,"153.92.90.3,153.92.90.3, 99.83.99.145",desktop
bb7758ff-4018-4589-9209-4c9d1cfb3556,2025-10-27 11:15:12.66256+00,"80.187.80.94,80.187.80.94, 99.82.163.78",mobile
b51cd978-3b59-467f-9fe1-1d7eaa10caa6,2025-10-25 17:32:51.086831+00,"188.103.206.160,188.103.206.160, 99.82.163.74",desktop
52ff75e1-7e1d-449f-9351-5123c7108a6c,2025-10-25 08:45:20.971983+00,"195.176.44.38,195.176.44.38, 13.248.118.73",mobile
55d05487-9f25-42cd-8718-2d0f34d4d771,2025-10-25 08:45:20.484333+00,"195.176.44.38,195.176.44.38, 13.248.118.78",mobile
eeeb10bf-57ff-43cd-83dc-c948ebaaf89b,2025-10-24 20:39:41.776058+00,"153.92.93.227,153.92.93.227, 99.83.99.146",desktop
9ad7a10f-4274-45f9-8b6d-df70b39f1f69,2025-10-24 19:39:23.246176+00,"213.109.200.240,213.109.200.240, 3.2.59.202",mobile
54f85d8d-cee9-4fb0-babc-124951e8bb0b,2025-10-24 17:38:39.540472+00,"153.92.93.227,153.92.93.227, 99.82.163.74",desktop