query_id,session_id,query_order,query_text,query_structure,start_time,end_time,query_duration_sec,click_count,query_duration_ms
01dfe28b-a6a7-4b30-8a13-43e10bd5d085,1214eecf-5b2a-4675-9926-f06f9619dee8,4,iphone 15,keyword,2025-11-13 10:26:31.029+00,2025-11-13 10:26:32.447+00,1.0,4,1418.0
042b0b64-c626-4449-829a-4dd8d7532af8,1dd3d11a-dec8-4041-b981-8efab9dce7b4,1,best smartphones under 400 euros,comparative,2025-11-06 22:06:47.46+00,2025-11-06 22:06:49.179+00,2.0,0,1719.0
04aa2261-185f-4beb-bb95-ec0993cb08bf,1214eecf-5b2a-4675-9926-f06f9619dee8,3,samsung s25,keyword,2025-11-13 10:26:10.507+00,2025-11-13 10:26:11.843+00,1.0,1,1336.0
0744ba2a-a874-4126-a596-2ccf4c5a1574,ae444d00-9295-437f-812b-f75240800327,2,eco friendly smartphone 2025,keyword,2025-10-31 22:13:25.797+00,2025-10-31 22:13:26.89+00,1.0,2,1093.0
07e24f82-f867-4794-afbd-b704031ee17d,21821039-baef-4c67-94ea-4099060a4805,1,Good quality phone,keyword,2025-10-25 18:13:24.08+00,2025-10-25 18:13:25.418+00,1.0,1,1338.0
08aaa0ac-5008-40c3-b291-41f5fd0e8a0e,6b9d53a0-7f89-4214-a621-6cc252f6f61b,1,phone,keyword,2025-11-09 14:35:20.444+00,2025-11-09 14:35:22.11+00,2.0,0,1666.0
0a84377b-04c0-4980-be46-d20e9bfadd35,88d370e3-53bd-4d9c-8da7-1094456fbdef,1,Iphone 16,keyword,2025-11-09 11:20:15.339+00,2025-11-09 11:20:19.192+00,4.0,1,3853.0
0eae53ab-45ac-4bd4-a17d-7027e24d4717,165f4f73-dd89-4505-924f-830e65bfdbc9,1,iphone 16,keyword,2025-10-29 10:20:02.075+00,2025-10-29 10:20:03.998+00,2.0,0,1923.0
13273e44-b37f-4b70-af21-902176446671,e7bda5fc-cfa3-4a62-b701-d12a2294b0c5,2,Smartphone 300€,keyword,2025-10-24 14:21:47.35+00,2025-10-24 14:21:48.834+00,1.0,0,1484.0
15c44ea2-5fce-41ee-a446-6647422db9a7,ae444d00-9295-437f-812b-f75240800327,3,sustainable smartphone 2025,keyword,2025-10-31 22:14:19.147+00,2025-10-31 22:14:20.28+00,1.0,1,1133.0
16e0a533-6238-4d49-97f6-8986d2f36969,88d370e3-53bd-4d9c-8da7-1094456fbdef,6,iPhone 15,keyword,2025-11-09 11:24:07.25+00,2025-11-09 11:24:09.039+00,2.0,1,1789.0
17f4aa90-be5b-434e-b0fc-e92b4e9d4f2a,1214eecf-5b2a-4675-9926-f06f9619dee8,5,iphone 15 amazon,keyword,2025-11-13 10:28:11.39+00,2025-11-13 10:28:12.905+00,2.0,1,1515.0
1af1986f-339f-429f-8dbb-9d26f7817c0a,0e8e7b12-38cc-4b44-ab83-1b9a954c7e46,4,Samsung Galaxy S24 FE buy,keyword,2025-11-09 15:04:30.676+00,2025-11-09 15:04:31.88+00,1.0,1,1204.0
1c7ae4d9-f3ec-4ff5-8953-93a69717b697,c829958a-0236-4152-9013-31f07b9381d2,5,smartphone reconditionné samsung,keyword,2025-10-31 09:30:25.622+00,2025-10-31 09:30:26.902+00,1.0,1,1280.0
1d6db750-4a0a-4ebf-b45a-81583166cff5,88d370e3-53bd-4d9c-8da7-1094456fbdef,3,Which iPhone is worth the money?,keyword,2025-11-09 11:21:44.873+00,2025-11-09 11:21:46.465+00,2.0,1,1592.0
1e6c9543-2f95-49c0-9fe1-995e73c2e2c9,ae444d00-9295-437f-812b-f75240800327,5,fairphone 5 buy,keyword,2025-10-31 22:16:54.871+00,2025-10-31 22:16:56.102+00,1.0,0,1231.0
1edffb83-311f-4150-9194-fe011b176fe1,0522e2ca-029d-442a-8199-b3248a5b30e3,1,budget phone,keyword,2025-11-09 06:56:37.605+00,2025-11-09 06:56:44.978+00,7.0,0,7373.0
1ef4a4a1-c03f-4a66-a732-6d385719312d,21821039-baef-4c67-94ea-4099060a4805,5,Phone comparison,keyword,2025-10-25 18:18:12.061+00,2025-10-25 18:18:13.21+00,1.0,0,1149.0
1f17ecd4-5f50-40ae-af7f-e317ee316b09,ffe36aa7-f7dd-42b4-9a65-f37b54e2802c,1,realme,keyword,2025-11-09 18:47:19.699+00,2025-11-09 18:47:25.965+00,6.0,0,6266.0
1f64cd41-afc2-4cd3-af3d-64b92a1d5122,0a21e5d1-feab-4995-8095-ccaa084fcaa9,3,Iphone 14 buy,keyword,2025-10-24 11:55:00.449+00,2025-10-24 11:55:03.161+00,3.0,0,2712.0
21adb171-f4b2-4ec0-acbc-eba24e6fefbb,7b797820-31ae-47ca-b092-0839034bb31f,2,iPhone16pro 256GB white,keyword,2025-11-11 05:12:01.293+00,2025-11-11 05:12:02.988+00,2.0,2,1695.0
242b2341-a797-4e96-a512-863f763a660a,0a21e5d1-feab-4995-8095-ccaa084fcaa9,1,Iphone,keyword,2025-10-24 11:53:46.419+00,2025-10-24 11:53:47.584+00,1.0,0,1165.0
253e9788-83d1-4b23-802d-cdbc81058ea7,5fa47411-b9c4-452b-886d-885b8e1f6285,3,Iphone 14 pro refurbed,keyword,2025-11-09 08:17:25.815+00,2025-11-09 08:17:26.979+00,1.0,1,1164.0
26404209-dd1c-498c-b5fe-67df2ca410e0,c829958a-0236-4152-9013-31f07b9381d2,4,smartphone ldlc,keyword,2025-10-31 09:29:06.522+00,2025-10-31 09:29:08.585+00,2.0,1,2063.0
2a45e922-4140-4c57-95df-760c705c16ca,21821039-baef-4c67-94ea-4099060a4805,9,Iphone,keyword,2025-10-25 18:19:25.805+00,2025-10-25 18:19:26.943+00,1.0,0,1138.0
2cd0e3ac-d275-44d5-855c-075c8e0d9ed3,142c99e6-b479-40d7-967d-6774c5e77249,1,samsung s25 ultra,keyword,2025-10-24 10:10:03.004+00,2025-10-24 10:10:06.225+00,3.0,0,3221.0
304e138b-0168-4b07-b903-1a238d2132f1,827abfd9-154b-4b5f-86b9-a3a51525af0b,2,buying iphone under 800 euro,keyword,2025-10-24 11:09:20.224+00,2025-10-24 11:09:21.693+00,1.0,1,1469.0
31fe96e2-6617-4617-8ce4-5c1a750553fe,0537d915-a4c7-48eb-944a-e385614ff80a,1,Samsung s24 germany,keyword,2025-10-26 15:45:24.81+00,2025-10-26 15:45:26.258+00,1.0,0,1448.0
330f3c5d-8940-4967-a16d-4bb05c072ef4,c6f5b4cd-17f7-4562-8467-ffc3da67c9fd,1,Iphone,keyword,2025-11-10 20:29:51.746+00,2025-11-10 20:29:53.443+00,2.0,1,1697.0
3414426d-5c98-44f0-838e-8827c47f7983,e7bda5fc-cfa3-4a62-b701-d12a2294b0c5,1,best smartphone 300€,comparative,2025-10-24 14:13:50.981+00,2025-10-24 14:13:52.239+00,1.0,1,1258.0
342f52aa-e95e-48b5-ba32-973c66d578fb,e83b0f80-c600-43f7-9b9e-ab76b019ddb4,2,Iphone 2024 new amazon,keyword,2025-11-10 15:24:13.286+00,2025-11-10 15:24:14.981+00,2.0,1,1695.0
345e1d8c-3b82-4138-864c-f5f9008154bb,aa6cab0e-94ff-4a90-84a1-8e7cfe2999f9,1,iphone 17 pro max,keyword,2025-10-24 16:36:11.52+00,2025-10-24 16:36:12.847+00,1.0,2,1327.0
37922057-b424-446e-94fd-48972fca1829,827abfd9-154b-4b5f-86b9-a3a51525af0b,3,buying iphone 16 plus,keyword,2025-10-24 11:10:55.07+00,2025-10-24 11:10:56.57+00,2.0,1,1500.0
3bd62c25-04df-4589-8fae-854a1a2ab197,142c99e6-b479-40d7-967d-6774c5e77249,2,samsung s25 ultra review,keyword,2025-10-24 10:10:12.905+00,2025-10-24 10:10:16.949+00,4.0,0,4044.0
3cad32b8-dfb5-47eb-8422-ead29fd22d7d,9efdf928-9505-4d49-b611-842990aad732,1,Cheap smartphones,keyword,2025-11-09 03:43:03.134+00,2025-11-09 03:43:04.998+00,2.0,1,1864.0
3d02de27-7e5b-4437-9316-2a6159556c90,88d370e3-53bd-4d9c-8da7-1094456fbdef,4,iPhone future comparison,keyword,2025-11-09 11:22:42.631+00,2025-11-09 11:22:44.722+00,2.0,0,2091.0
3def15ce-0dad-4b6e-b35d-ec0b6878525a,ae444d00-9295-437f-812b-f75240800327,1,eco friendly smartphone,keyword,2025-10-31 22:12:55.263+00,2025-10-31 22:12:58.444+00,3.0,2,3181.0
44376fba-6795-4671-b74a-4624facf2601,21821039-baef-4c67-94ea-4099060a4805,3,Phone comparison,keyword,2025-10-25 18:15:28.465+00,2025-10-25 18:15:29.869+00,1.0,0,1404.0
464b5aaa-0f2a-42a2-ae68-7acef07aaa75,e008edb8-e4d7-4e49-a8fd-2b72958fec02,2,phones,keyword,2025-11-10 03:26:59.874+00,2025-11-10 03:27:01.431+00,2.0,1,1557.0
470a58b9-0eb0-425b-b902-06c0dc6ee8ea,49e71bfc-8848-46e8-88e3-7d076e7c0725,2,Buy smartphone,keyword,2025-10-24 19:14:56.571+00,2025-10-24 19:14:57.686+00,1.0,0,1115.0
47ca9ac6-6229-4238-8c5f-efb333973c54,995e8474-332b-4d70-b441-7add2945b2d7,1,latest smartphones,keyword,2025-11-09 11:36:02.284+00,2025-11-09 11:36:07.535+00,5.0,1,5251.0
4aac0c57-9c3d-4cb9-995e-8f288a012c2b,31f98ce4-e145-4dea-ba26-58b5023dbe38,1,iPhone 17 pro max,keyword,2025-10-25 20:00:30.003+00,2025-10-25 20:00:31.345+00,1.0,0,1342.0
4cf23b98-ac82-4047-813b-62199580f7ac,88d370e3-53bd-4d9c-8da7-1094456fbdef,9,iPhone 15 256GB,keyword,2025-11-09 11:25:42.686+00,2025-11-09 11:25:44.389+00,2.0,1,1703.0
50982f31-8c35-4175-b5c6-198ce06bae1b,cd1fb915-bf86-40d8-b7e5-0d13446bb8f4,1,iphone,keyword,2025-11-09 04:58:45.462+00,2025-11-09 04:58:46.754+00,1.0,0,1292.0
511fdc5c-5213-4abe-9e05-e9324ac4ebe0,21821039-baef-4c67-94ea-4099060a4805,10,Xiaomi 17pro vs iphone 17,comparative,2025-10-25 18:20:21.731+00,2025-10-25 18:20:23.138+00,1.0,1,1407.0
52acfd2c-4aeb-4339-a2e5-f0b6cbc34f9e,142c99e6-b479-40d7-967d-6774c5e77249,3,samsung s25 ultra review dienmayxanh,keyword,2025-10-24 10:10:28.036+00,2025-10-24 10:10:30.707+00,3.0,1,2671.0
543c1875-c79b-4b6b-9235-8b72ad1a2c6b,0a21e5d1-feab-4995-8095-ccaa084fcaa9,4,iphone 14 mediamart,keyword,2025-10-24 11:56:32.728+00,2025-10-24 11:56:34.056+00,1.0,1,1328.0
546d9c9e-954b-48e5-820b-0c4cce2b2c23,7b797820-31ae-47ca-b092-0839034bb31f,1,iPhone16pro white 256GB,keyword,2025-11-11 05:09:30.108+00,2025-11-11 05:09:32.23+00,2.0,4,2122.0
5a464179-37ba-4c29-b976-d68b8a59af17,891f2d69-681a-45b2-80b2-8bf4066caab9,1,phone 150 euro,keyword,2025-10-29 08:46:37.035+00,2025-10-29 08:46:38.405+00,1.0,2,1370.0
5c605c30-0087-4f9d-917d-6a5d31502d1d,cd1fb915-bf86-40d8-b7e5-0d13446bb8f4,2,iphone 15,keyword,2025-11-09 04:58:56.77+00,2025-11-09 04:58:57.955+00,1.0,1,1185.0
5da18149-5ca2-4bdb-8848-ad40536b6a44,ec4885b3-5a17-45f4-8188-28991ba782f4,3,"Smartphone, 5G, 128 Gb flash, price, Xiaomi",keyword,2025-11-10 10:28:44.562+00,2025-11-10 10:28:45.874+00,1.0,1,1312.0
5f879384-f99b-4125-8fd6-3a0a2e9df07c,0522e2ca-029d-442a-8199-b3248a5b30e3,2,budget phones,keyword,2025-11-09 06:56:56.446+00,2025-11-09 06:56:58.084+00,2.0,1,1638.0
60b9e81d-e1ae-46e9-9993-55a6e274c413,cdc8aef5-3d93-4872-8289-4ab06f4304c8,1,Samsung flipphone,keyword,2025-10-26 13:39:48.461+00,2025-10-26 13:39:52.233+00,4.0,3,3772.0
6249e832-83f4-4293-98f2-10b4ecc289e4,d17fb044-fa7b-4635-bdfa-5a4b2b7ac99c,2,what are pixel 9 ai smartphone implications eu ai act?,question,2025-10-26 09:43:36.583+00,2025-10-26 09:43:38.488+00,2.0,0,1905.0
676bd562-6509-4fcf-b452-e5f50f3a6f86,21821039-baef-4c67-94ea-4099060a4805,7,Xio,keyword,2025-10-25 18:18:49.242+00,2025-10-25 18:18:50.312+00,1.0,0,1070.0
6af15622-1c78-49ea-baec-c6cb7bbb5d5c,88d370e3-53bd-4d9c-8da7-1094456fbdef,5,iPhone feture comparison,keyword,2025-11-09 11:22:51.605+00,2025-11-09 11:22:53.37+00,2.0,1,1765.0
6b9814f3-9816-4e28-9b08-172718cbc285,8a2c9d7e-f535-4c5b-b3a6-2170d0dc9659,2,iphone 17,keyword,2025-10-25 22:10:37.722+00,2025-10-25 22:10:39.451+00,2.0,0,1729.0
70c5fb35-20b0-45d7-a2db-9b48dd5508ca,88d370e3-53bd-4d9c-8da7-1094456fbdef,7,iPhone 15 265,keyword,2025-11-09 11:25:15.022+00,2025-11-09 11:25:17.011+00,2.0,0,1989.0
726437e8-d65d-49c9-91e5-0920a3204523,d932a191-b884-45aa-8499-063a655bf29f,1,refurbished smartphones kaufen,keyword,2025-11-16 16:32:07.003+00,2025-11-16 16:32:08.446+00,1.0,2,1443.0
75658c04-bf8b-4dff-b2a8-75ca8831e558,e83b0f80-c600-43f7-9b9e-ab76b019ddb4,1,Iphone 2024,keyword,2025-11-10 15:23:54.742+00,2025-11-10 15:23:56.375+00,2.0,0,1633.0
77bab63c-e675-425b-89cd-e68f5c4f459e,c829958a-0236-4152-9013-31f07b9381d2,1,fnac,keyword,2025-10-31 09:26:18.803+00,2025-10-31 09:26:22.743+00,4.0,0,3940.0
781b8e81-f440-474b-9cb0-5f868a3115e9,ec4885b3-5a17-45f4-8188-28991ba782f4,1,"Smartphone, 5G price",keyword,2025-11-10 10:27:28.835+00,2025-11-10 10:27:29.976+00,1.0,0,1141.0
7af2928e-1d8a-463f-b9fd-741fb438e5d7,81636626-bebc-498d-a08c-0e8c4351fd94,1,Apple iphone 17,keyword,2025-11-08 23:40:05.133+00,2025-11-08 23:40:08.92+00,4.0,0,3787.0
7c19ec10-91d4-48d3-ba29-50dcbb946808,21821039-baef-4c67-94ea-4099060a4805,6,Co,keyword,2025-10-25 18:18:41.553+00,2025-10-25 18:18:42.635+00,1.0,0,1082.0
8157fd93-2fa9-4b1c-a01a-30479f5e9e7f,ae444d00-9295-437f-812b-f75240800327,7,fairphone 5 ebay uk,keyword,2025-10-31 22:17:35.494+00,2025-10-31 22:17:36.574+00,1.0,1,1080.0
839793f8-c890-4d94-bef6-6c47575a029d,a6f69c98-dc30-47ba-96db-ea22ed1cf6ec,2,Iphone 17 pro,keyword,2025-10-25 12:23:37.071+00,2025-10-25 12:23:38.149+00,1.0,0,1078.0
8994a003-03db-43ac-81f5-6b8cfedb13fe,0e8e7b12-38cc-4b44-ab83-1b9a954c7e46,5,Samsung Galaxy S24 FE 256GB buy,keyword,2025-11-09 15:06:25.889+00,2025-11-09 15:06:27.243+00,1.0,2,1354.0
8c2a152a-9a2d-473c-9f10-910ee3460049,cd1fb915-bf86-40d8-b7e5-0d13446bb8f4,5,samsung s25 FE price,keyword,2025-11-09 05:02:45.647+00,2025-11-09 05:02:46.976+00,1.0,1,1329.0
8c6e1a66-71c3-44cf-8a53-738b1cb8ebdf,837cf818-6220-4578-8bd7-4ec40b3a8d0e,1,iphone 17 pro max,keyword,2025-11-09 00:10:52.368+00,2025-11-09 00:10:59.62+00,7.0,0,7252.0
8e59fee6-c792-4e80-896d-d51bf13ff81f,6f5a8157-a73a-462e-8d78-68056b473843,1,iphone pro 17,keyword,2025-11-06 20:13:09.425+00,2025-11-06 20:13:10.867+00,1.0,1,1442.0
8f8763e1-a64e-491d-8321-ecf05f0237a5,184fc96f-7551-4da8-b3a1-c5a071079f7c,1,cheap smart phone,keyword,2025-10-29 10:21:54.686+00,2025-10-29 10:21:56.302+00,2.0,1,1616.0
91ba4e35-4487-487b-a71b-dababc3e1a90,e7bda5fc-cfa3-4a62-b701-d12a2294b0c5,3,Smartphone 300€ Test,keyword,2025-10-24 14:22:20.846+00,2025-10-24 14:22:21.985+00,1.0,1,1139.0
91cad207-28bc-4981-80f1-ad74d89fe0a7,cdc8aef5-3d93-4872-8289-4ab06f4304c8,2,Samsung flipphone Erfahrungen,keyword,2025-10-26 13:43:12.133+00,2025-10-26 13:43:13.444+00,1.0,1,1311.0
91f01795-00b2-4cd5-940b-6247de215cc1,e67193b2-2d1f-4a58-a1c1-da8def446287,1,smartphone under £150,keyword,2025-11-10 07:23:53.75+00,2025-11-10 07:23:56.102+00,2.0,0,2352.0
9493b6e0-6487-4efd-968e-e0baf92d5df1,a6f69c98-dc30-47ba-96db-ea22ed1cf6ec,1,Iphone 17 pro,keyword,2025-10-25 12:23:08.619+00,2025-10-25 12:23:09.935+00,1.0,0,1316.0
97a4d6e0-00a1-4a8d-b4d1-ee8038cb4787,995e8474-332b-4d70-b441-7add2945b2d7,3,latest phones,keyword,2025-11-09 11:39:27.688+00,2025-11-09 11:39:30.818+00,3.0,1,3130.0
9879b104-6b17-485a-9486-009d00e0a38f,995e8474-332b-4d70-b441-7add2945b2d7,2,iphone 17,keyword,2025-11-09 11:39:00.462+00,2025-11-09 11:39:04.117+00,4.0,0,3655.0
9b0e1d8f-7b48-4836-97a4-bc5e28077607,ec4885b3-5a17-45f4-8188-28991ba782f4,2,"Smartphone, 5G, 128 Gb flash, price",keyword,2025-11-10 10:28:21.997+00,2025-11-10 10:28:23.376+00,1.0,0,1379.0
9cdc7379-6a12-4a6b-9ed1-7bfebd65162c,dc6df264-b00b-4e6b-b195-b5d2ead64eb5,1,Smartphone under £300,keyword,2025-11-10 13:22:27.694+00,2025-11-10 13:22:31.248+00,4.0,2,3554.0
9f3baf7d-96bf-4b10-a61e-8ac16cb33ddb,ae444d00-9295-437f-812b-f75240800327,6,fairphone 5 ebay,keyword,2025-10-31 22:17:23.783+00,2025-10-31 22:17:24.985+00,1.0,1,1202.0
9fb01c3d-db91-4f4f-82bc-4cc36e878cd5,2c30267d-d323-4573-b873-c9f8688a4a23,2,Best budget smartphones 2025,comparative,2025-11-09 11:12:15.611+00,2025-11-09 11:12:16.894+00,1.0,1,1283.0
a06e9e84-5208-480f-a989-75874b83a679,4796c88b-77f9-4161-9e37-689eb5e423d0,1,Iphone,keyword,2025-11-09 15:52:55.034+00,2025-11-09 15:52:56.885+00,2.0,1,1851.0
a761eba6-1f79-406e-9f31-24439fd59744,1214eecf-5b2a-4675-9926-f06f9619dee8,1,best smartphone 2025,comparative,2025-11-13 10:22:07.188+00,2025-11-13 10:22:08.937+00,2.0,8,1749.0
a7aab402-f347-4879-8a11-d96c212d03a9,c22aec2c-57bc-4c71-b69a-31a30334b3c0,1,iphone price aroun 799,keyword,2025-10-29 09:38:02.192+00,,,0,
a821daf9-d2a1-4fc4-8fe6-6b4bc5cc173f,8a2c9d7e-f535-4c5b-b3a6-2170d0dc9659,1,iphone,keyword,2025-10-25 22:10:21.406+00,2025-10-25 22:10:23.568+00,2.0,0,2162.0
a8c1b7e2-3e95-4109-b233-40125358414f,fa873ae7-c1e1-4da4-ad34-79437bf9ef2b,1,iphone 17,keyword,2025-11-09 21:59:56.269+00,2025-11-09 21:59:57.578+00,1.0,1,1309.0
aa5471ba-f5d0-4743-a36f-4c8dd3adf75f,e61528b9-0038-4b8a-acd1-599d024742fc,1,Mobile phone price,keyword,2025-10-29 09:36:30.001+00,2025-10-29 09:36:31.418+00,1.0,0,1417.0
aa9f8062-4b5a-4d00-a7ce-92133812f1d7,88d370e3-53bd-4d9c-8da7-1094456fbdef,2,Iphone 15,keyword,2025-11-09 11:20:57.357+00,2025-11-09 11:20:59.225+00,2.0,1,1868.0
acb17692-9960-47a5-81f8-d2eaf61021ab,827abfd9-154b-4b5f-86b9-a3a51525af0b,1,phone under 800 euro,keyword,2025-10-24 11:08:18.454+00,2025-10-24 11:08:22.079+00,4.0,0,3625.0
ae59a13c-2c50-4bf8-80e4-e978b7d0f68c,6b9d53a0-7f89-4214-a621-6cc252f6f61b,4,chatgpt,keyword,2025-11-09 14:37:44.759+00,2025-11-09 14:37:46.002+00,1.0,1,1243.0
af9d20e6-ea73-4543-bebb-cb1839708ced,6b9d53a0-7f89-4214-a621-6cc252f6f61b,3,buying an iphone,keyword,2025-11-09 14:36:06.752+00,2025-11-09 14:36:08.045+00,1.0,2,1293.0
b10a18f1-0141-4105-8ad0-80fb68cc8e54,89d44738-21e8-47d9-b12d-1727f43881ce,2,Samsung galaxy s23,keyword,2025-10-29 10:01:58.776+00,2025-10-29 10:02:00.667+00,2.0,1,1891.0
b181b232-4df3-4f8d-96a6-be9346d47583,42d9ad17-647d-4b98-a68e-c155b967a64a,1,Iphone,keyword,2025-10-25 12:43:29.331+00,2025-10-25 12:43:30.846+00,2.0,1,1515.0
b3f091c7-5a9f-4020-94ff-8ff6f7df8c98,cd1fb915-bf86-40d8-b7e5-0d13446bb8f4,3,iphone 16,keyword,2025-11-09 04:59:23.385+00,2025-11-09 04:59:24.44+00,1.0,1,1055.0
b6bb1629-459a-49d4-9e34-07aaab4a9179,88d370e3-53bd-4d9c-8da7-1094456fbdef,8,iPhone 15,keyword,2025-11-09 11:25:28.353+00,2025-11-09 11:25:29.872+00,2.0,0,1519.0
b7500a8b-9f16-43db-8621-0cfb7152f444,21821039-baef-4c67-94ea-4099060a4805,11,Iphone 17,keyword,2025-10-25 18:22:03.751+00,2025-10-25 18:22:05.123+00,1.0,1,1372.0
b9d80d68-eb1b-451b-8560-5aa85717de97,0e8e7b12-38cc-4b44-ab83-1b9a954c7e46,1,smartphones under 799 euro,keyword,2025-11-09 14:58:13.857+00,2025-11-09 14:58:15.153+00,1.0,0,1296.0
bc2d3697-b975-4e8f-8eec-b0ec8f78337d,1214eecf-5b2a-4675-9926-f06f9619dee8,2,best smartphone 2025 under 500,comparative,2025-11-13 10:25:31.247+00,2025-11-13 10:25:32.615+00,1.0,1,1368.0
c060afc8-8db2-4569-9939-c5891c0a443a,221af9d0-3577-41d0-b7fc-1b0eea1320eb,1,iPhone kaufen neues Model,keyword,2025-10-24 17:09:29.558+00,2025-10-24 17:09:30.866+00,1.0,1,1308.0
c104e94c-0a07-411b-8d9e-1120984c0b36,49e71bfc-8848-46e8-88e3-7d076e7c0725,3,Buy smartphone Germany,keyword,2025-10-24 19:15:22.476+00,2025-10-24 19:15:23.784+00,1.0,1,1308.0
c48a9796-0cdc-4da6-a6e5-fbf0481d388f,21821039-baef-4c67-94ea-4099060a4805,2,Best phone with 1000eur budget,comparative,2025-10-25 18:14:24.472+00,2025-10-25 18:14:25.654+00,1.0,1,1182.0
c4f741fd-2b46-44af-8fe8-acdc90d536c7,c829958a-0236-4152-9013-31f07b9381d2,2,smartphone samsung,keyword,2025-10-31 09:26:40.191+00,2025-10-31 09:26:41.414+00,1.0,0,1223.0
c6172080-a5c1-4723-8e52-4f727293af9b,cd1fb915-bf86-40d8-b7e5-0d13446bb8f4,4,samsung,keyword,2025-11-09 04:59:54.822+00,2025-11-09 04:59:55.983+00,1.0,1,1161.0
c6c30a25-f449-443f-aa9e-6a150fa47298,d17fb044-fa7b-4635-bdfa-5a4b2b7ac99c,1,pixel 9 ai smartphone eu ai act,keyword,2025-10-26 09:42:49.658+00,2025-10-26 09:42:51.477+00,2.0,0,1819.0
c72c802b-b602-4ac6-8bff-ecf5a931d495,0e8e7b12-38cc-4b44-ab83-1b9a954c7e46,2,smartphones under 799 euro,keyword,2025-11-09 14:59:17.153+00,2025-11-09 14:59:18.178+00,1.0,1,1025.0
c878b1b9-cf2f-4b8e-85d1-52ac9e10f9f6,21821039-baef-4c67-94ea-4099060a4805,4,Phone comparison,keyword,2025-10-25 18:15:41.766+00,2025-10-25 18:15:42.874+00,1.0,2,1108.0
c8e8d515-bbed-43b0-b0e8-4353bdb46834,c829958a-0236-4152-9013-31f07b9381d2,6,smartphone samsung s21 avis,keyword,2025-10-31 09:33:23.824+00,2025-10-31 09:33:25.772+00,2.0,1,1948.0
ce2e1c7e-db4d-4158-bbe5-f41acc980386,5fa47411-b9c4-452b-886d-885b8e1f6285,1,Iphone 14 ro,keyword,2025-11-09 08:17:11.425+00,2025-11-09 08:17:12.522+00,1.0,0,1097.0
d2a6f333-9964-47b2-9722-28a2e229ea0a,49e71bfc-8848-46e8-88e3-7d076e7c0725,1,Smart phone buy in Germany,keyword,2025-10-24 19:14:15.287+00,2025-10-24 19:14:16.553+00,1.0,0,1266.0
d2ce6c9f-2c31-4e42-a041-bb37022f375d,2c30267d-d323-4573-b873-c9f8688a4a23,1,Best smartphones 2025,comparative,2025-11-09 11:11:56.011+00,2025-11-09 11:11:57.494+00,1.0,1,1483.0
d32638c9-203e-4d69-a8d3-1166b159cd1d,5fa47411-b9c4-452b-886d-885b8e1f6285,2,Iphone 14 pro,keyword,2025-11-09 08:17:15.347+00,2025-11-09 08:17:16.372+00,1.0,0,1025.0
d42ba008-c35b-41ce-a09b-eeadc8370c42,2df6d1d2-60fb-4e27-8877-bdd2ebf01465,1,Iphone 15 plus,keyword,2025-10-29 09:55:41.186+00,2025-10-29 09:55:42.182+00,1.0,2,996.0
d4f6a909-b664-4a22-8650-c9f5c49641a2,c9261d8c-912a-4dbe-a873-ab76c3987475,2,iphone 15,keyword,2025-10-24 09:02:13.449+00,2025-10-24 09:02:16.439+00,3.0,1,2990.0
d53589a9-9d67-4965-a02e-2a75d78d0387,6b9d53a0-7f89-4214-a621-6cc252f6f61b,2,iphone,keyword,2025-11-09 14:35:38.834+00,2025-11-09 14:35:39.918+00,1.0,0,1084.0
d6dd7b4b-0042-429d-8296-6701731e173e,0a21e5d1-feab-4995-8095-ccaa084fcaa9,2,Iphone 14,keyword,2025-10-24 11:54:47.477+00,2025-10-24 11:54:48.534+00,1.0,0,1057.0
da12ca92-fe7b-439c-bf94-b5bfaebdde64,0e8e7b12-38cc-4b44-ab83-1b9a954c7e46,3,smartphones under 799 euro,keyword,2025-11-09 15:02:13.974+00,2025-11-09 15:02:15.024+00,1.0,1,1050.0
e418103a-cdb7-42a9-97de-c9b7438a3fb7,cdc8aef5-3d93-4872-8289-4ab06f4304c8,3,Samsung Probleme flipphone,keyword,2025-10-26 13:45:01.899+00,2025-10-26 13:45:03.357+00,1.0,0,1458.0
e6a36d1a-fd99-43b0-a005-7cff7432ccd2,c829958a-0236-4152-9013-31f07b9381d2,3,smartphone fnac,keyword,2025-10-31 09:26:56.112+00,2025-10-31 09:26:57.389+00,1.0,1,1277.0
ec87f583-eedb-41a2-946d-440992ab1f08,056ff148-78aa-4dff-b2cd-44bdc0d7b941,1,Smartphone,keyword,2025-11-09 09:18:47.607+00,2025-11-09 09:18:55.184+00,8.0,1,7577.0
ef0abb8a-b91f-4e3e-a846-caa70cd8d61a,89d44738-21e8-47d9-b12d-1727f43881ce,1,Samsung galaxy s23,keyword,2025-10-29 10:00:54.174+00,2025-10-29 10:00:57.31+00,3.0,1,3136.0
f08da0d7-f7fc-45a3-869e-c02178c36280,e008edb8-e4d7-4e49-a8fd-2b72958fec02,1,phones,keyword,2025-11-10 03:26:30.566+00,2025-11-10 03:26:32.064+00,1.0,1,1498.0
f3537bbb-f8ed-4a88-9172-55895f4b0425,21821039-baef-4c67-94ea-4099060a4805,8,Xiaomi,keyword,2025-10-25 18:18:56.969+00,2025-10-25 18:18:58.209+00,1.0,0,1240.0
f51dc14b-8297-46a8-91d4-123bb5fafb16,15d545a6-e7e7-4147-a41d-ce2fda21db45,1,điện thoại iphone,keyword,2025-10-23 14:42:55.393+00,,,0,
f546a2b3-ff52-4153-bf73-ff98b8f9f3bb,c22aec2c-57bc-4c71-b69a-31a30334b3c0,2,iphone price around 799,keyword,2025-10-29 09:38:54.405+00,2025-10-29 09:38:55.77+00,1.0,1,1365.0
f61ae064-3012-42b2-82a3-bea193413f15,6b9d53a0-7f89-4214-a621-6cc252f6f61b,5,best iphone for under 700 euros,comparative,2025-11-09 14:38:32.833+00,2025-11-09 14:38:33.991+00,1.0,1,1158.0
f6409318-d4f1-4938-abd4-fc0424e88714,c9261d8c-912a-4dbe-a873-ab76c3987475,1,iphone 16,keyword,2025-10-24 08:59:40.052+00,2025-10-24 08:59:47.332+00,7.0,3,7280.0
febec14e-424b-4c41-a1af-b8ff0b4189f2,ae444d00-9295-437f-812b-f75240800327,4,fairphone 5,keyword,2025-10-31 22:16:39.397+00,2025-10-31 22:16:40.627+00,1.0,0,1230.0
